tn_id,sku,nombre,marca,precio_actual,stock_actual,precio_nuevo,stock_nuevo,notas
351969432,KEY-101-BK,Magpul 101 - PISTOL GRIP ENGOMADO POLIMERO REFORZADO COMPARTIMIENTO PARA GUARDADO,Magpul,29475.60,5,,,
351969435,KEY-102-BK,Magpul 102 - PISTOL GRIP ENGOMADO POLIMERO REFORZADO COMPARTIMIENTO PARA GUARDADO,Magpul,29475.60,5,,,
351969440,KEY-104-BK,Magpul 104 - PISTOL GRIP 15°ENGOMADO POLIMERO REFORZADO COMPARTIMIENTO PARA GUARDADO,Magpul,31635.45,5,,,
351969442,KEY-300-BK,Magpul 300 - JUEGO DE MIRAS FLIP UP PICATINNY BAJAS,Magpul,35574.00,5,,,
351969444,KEY-301-BK,Magpul 301 - JUEGO DE MIRAS FLIP UP PICATINNY ALTAS,Magpul,35574.00,5,,,
351969446,KEY-302-BK,Magpul 302 - JUEGO DE MIRAS FLIP UP AUTOMATICAS PICATINNY,Magpul,38115.00,5,,,
351969447,KEY-303-BK,Magpul 303 - JUEGO DE MIRAS FLIP UP OFFSET A 45° PICATINNY,Magpul,40020.75,5,,,
351969451,KEY-400-BK,Magpul 400 - GRIP FRONTAL ANGULAR PICATINNY,Magpul,27569.85,5,,,
351969452,KEY-401-BK,Magpul 401 - GRIP FRONTAL ANGULAR TEXTURADO PICATINNY,Magpul,27569.85,5,,,
351969454,KEY-402-BK,Magpul 402 - GRIP FRONTAL RECTO TEXTURADO PICATINNY,Magpul,27569.85,5,,,
351969455,KEY-403-BK,Magpul 403 - GRIP FRONTAL RECTO TEXTURADO PICATINNY,Magpul,27569.85,5,,,
351969458,KEY-404-BK,Magpul 404 - GRIP FRONTAL RECTO BIPODE INTEGRADO APERTURA AUTOMATICA PICATINNY,Magpul,71148.00,5,,,
351969460,KEY-405-BK,Magpul 405 - GRIP FRONTAL RECTO TEXTURADO M-LOK,Magpul,31508.40,5,,,
351969465,KEY-406-BK,Magpul 406 - GRIP FRONTAL RECTO BIPODE INTEGRADO APERTURA MANUAL PICATINNY / M-LOK,Magpul,71148.00,5,,,
351969469,KEY-408-BK,Magpul 408 - GRIP FRONTAL RECTO PICATINNY NEGRO,Magpul,27569.85,5,,,
351969475,KEY-408-TAN,Magpul 408 - GRIP FRONTAL RECTO PICATINNY TAN,Magpul,31508.40,5,,,
351969477,KEY-409-BK,Magpul 409 - GRIP FRONTAL RECTO M-LOK NEGRO,Magpul,31508.40,5,,,
351969478,KEY-409-TAN,Magpul 409 - GRIP FRONTAL RECTO M-LOK TAN,Magpul,35446.95,5,,,
351969479,KEY-410-BK,Magpul 410 - GRIP FRONTAL RECTO REBATIBLE M-LOK NEGRO,Magpul,45738.00,5,,,
351969481,KEY-412-BK,Magpul 412 - GRIP FRONTAL RECTO REBATIBLE PICATRINNY NEGRO,Magpul,43197.00,5,,,
351969484,KEY-600,Magpul 600 - ANILLA PARA CORREA QD METALICA,Magpul,19057.50,5,,,
351969486,KEY-601-BK,Magpul 601 - ANILLA PARA CORREA POLIMERO PICATINNY,Magpul,9528.75,5,,,
351969489,KEY-602-BK,Magpul 602 - PROTECTORES TÉRMICOS PARA RIEL LARGO PICATINNY,Magpul,11180.40,5,,,
351969492,KEY-603-BK,Magpul 603 - PROTECTORES TÉRMICOS PARA RIEL CORTO PICATINNY,Magpul,7284.20,5,,,
351969493,KEY-604-BK,Magpul 604 - SET DE RIEL PICATINNY PARA COLOCAR EN M-LOK POLIMERO,Magpul,43832.25,5,,,
351969495,KEY-605,Magpul 605 - CORREA BUJGIE CON GANCHO DE SEGURIDAD,Magpul,32948.30,5,,,
351969498,KEY-606,Magpul 606 - CORREA BUNGIE CON GANCHO QD,Magpul,34472.90,5,,,
351969499,KEY-702A,Magpul 702A - PLACA PORTA CORREA BAR9 / 15 ACERO,Magpul,14534.52,5,,,
351969502,KEY-704,Magpul 704 - PALANCA DE CARGA BAR9 / 15 AMBIDIESTRA ALUMINIO,Magpul,59078.25,5,,,
351969505,KEY-713,Magpul 713 - PALANCAS SELECTORAS BAR9 / 15 AMBIDIESTRA SEMI AUTO ACERO,Magpul,50820.00,5,,,
351969507,KEY-ALPHA-BK,Magpul ALPHA - CULATA AR15 / M4 CRABINE / BAR9 COMERCIAL SPEC. *** NO MIL-SPEC ***,Magpul,71148.00,5,,,
351969510,KEY-ATOM-BK,Magpul ATOM - CULATA AR15 / M4 CRABINE / BAR9 COMERCIAL SPEC. *** NO MIL-SPEC ***,Magpul,71148.00,5,,,
351969520,MF BMS-BL,Magpul BATTLELINK MINIMALIST - CULATA AR15 / M4 CRABINE / BAR9 COMERCIAL SPEC. *** NO MIL-SPEC ***,Magpul,159266.25,5,,,
351969529,DLG-054-BLK,Magpul COMMERCIAL SPEC - CULATA FINGERPRINT COMMERCIAL SPEC,Magpul,142126.60,5,,,
351969536,DLG-047-BLK,Magpul M-LOCK - Foldable / Plegable M-Lok Foregrip - Black,Magpul,75806.50,5,,,
351969537,DLG-150-BLK,Magpul M-LOCK - QD M-Lok Mount - Black,Magpul,31593.10,5,,,
351969538,DLG-150-TAN,Magpul M-LOCK - QD M-Lok Mount - Tan,Magpul,31593.10,5,,,
351969541,DLG-164-BLK,Magpul M-LOCK - Streaked M-Lok Foregrip Hard - Black,Magpul,56833.70,5,,,
351969544,DLG-165-BLK,Magpul M-LOCK - Streaked M-Lok Foregrip Rubberized - Black,Magpul,69454.00,5,,,
351969545,DLG-169-BLK,Magpul M-LOCK - Tactical Handstop M-Lok QD Base - Black,Magpul,63186.20,5,,,
351969547,DLG-145-BLK,Magpul M-LOCK INCLUDO - Mssbrg 500-590 M-Lok Handguard - Black,Magpul,69454.00,5,,,
351969549,DLG-118-KIT-BLK,Magpul M-LOCK INCLUDO - Mssbrg 500/590 Upgrade Kit - Black,Magpul,296450.00,5,,,
351969550,DLG-135-BLK,Magpul M-LOCK INCLUDO - Rmngtn 870 M-Lok Handguard - Black,Magpul,69454.00,5,,,
351969556,DLG-108-KIT-BLK,Magpul M-LOCK INCLUDO - Rmngtn 870 Upgrade Kit - Black,Magpul,296450.00,5,,,
351969558,DLG-132-KIT-BLK,Magpul M-LOCK INCLUDO - Turkish Upgrade Kit - Black,Magpul,296450.00,5,,,
351969562,DLG-132-KIT-TAN,Magpul M-LOCK INCLUDO - Turkish Upgrade Kit - Tan,Magpul,296450.00,5,,,
351969564,DLG-130-BLK,Magpul MIL SPEC - CULATA COMPACTA MIL SPEC,Magpul,126372.40,5,,,
351969565,MAG 410 BK,Magpul MOE - CULATA AR15 / M4 CRABINE / BAR9 COMERCIAL SPEC. *** NO MIL-SPEC ***,Magpul,205821.00,5,,,
351969569,MAG 348 BK,Magpul MOE SL - CULATA AR15 / M4 CRABINE / BAR9 COMERCIAL SPEC. *** NO MIL-SPEC ***,Magpul,296480.25,5,,,
351969572,KEY-NORD-BK,Magpul NORD - CULATA AR15 / M4 CRABINE / BAR9 COMERCIAL SPEC. *** NO MIL-SPEC ***,Magpul,71148.00,5,,,
351969574,DLG-049-BLK,Magpul PICATINNY - Ergonomic Pointing Foregrip-Picatinny - Black,Magpul,50481.20,5,,,
351969577,DLG-048-BLK,Magpul PICATINNY - Foldable Picatinny Foregrip - Black,Magpul,63694.40,5,,,
351969579,DLG-151-BLK,Magpul PICATINNY - Picatinny Handstop w/QD Base - Black,Magpul,22191.40,5,,,
351969582,DLG-158-BLK,Magpul PICATINNY - QD Picatinny Mount - Black,Magpul,22191.40,5,,,
351969584,DLG-158-TAN,Magpul PICATINNY - QD Picatinny Mount - Tan,Magpul,22191.40,5,,,
351969586,DLG-168-BLK,Magpul PICATINNY - Shtgn Shell Holder Picatinny - Black,Magpul,37945.60,5,,,
351969588,DLG-162-BLK,Magpul PICATINNY - Streaked Picatinny Foregrip Rubberized - Black,Magpul,56833.70,5,,,
351969590,DLG-159-BLK,Magpul PICATINNY - Tactical Picatinny Handstop w/QD Base - Black,Magpul,50481.20,5,,,
351969591,CK-MMAC-006,Canik MMAC 006 - GUION PUNTO BLANCO,Canik,26952.75,5,,,
351969594,CK-MMAC-007,Canik MMAC 007 - GUION FIBRA OPTICA,Canik,47208.15,5,,,
351969596,CK-MMAC-053,Canik MMAC 053 - RESORTE RECUPERADOR ALIVIANADO - FULL SIZE (AZUL),Canik,60766.20,5,,,
351969598,CK-MMAC-054,Canik MMAC 054 - RESORTE RECUPERADOR HIG FORCE - FULL SIZE (ROJO) PARA MUNICION DE ALTA PRESIÓN,Canik,60766.20,5,,,
351969600,CK-MMAC-065,Canik MMAC 065 - COLA DE DISPARADOR RECTAEN ALUMINIO,Canik,181971.90,5,,,
351969603,CK-MMAC-299,Canik MMAC 299 - SET DE ALZA Y GUION TRITIO,Canik,323433.00,5,,,
351969606,CK-MMAC-638,Canik MMAC 638 - COLA DE DISPARADOR RECTA 90° ALIVIANADO - ALUMINIO- AZUL,Canik,195529.95,5,,,
351969609,CK-MMAC-640,Canik MMAC 640 - COLA DE DISPARADOR RECTA 90° ALIVIANADO - ALUMINIO- ROJO,Canik,195529.95,5,,,
351969613,CK-MMAC-787,Canik MMAC 787 - GUION PUNTO BLANCO,Canik,26952.75,5,,,
351969617,T491410,Bersa ALZA,Bersa,10339.67,5,,,
351969618,TP22A20AR,Bersa ALZA COMPLETA,Bersa,12187.85,5,,,
351969620,TN ALZAFIBRA 7,Bersa ALZA DE FIBRA OPTICA ROJA 22 - 380 - ACERO,Bersa,40504.75,5,,,
351969621,TN ALZAFIBRA 2,Bersa ALZA DE FIBRA OPTICA ROJA Bp - ACERO,Bersa,40504.75,5,,,
351969624,TN ALZAFIBRA 6,Bersa ALZA DE FIBRA OPTICA VERDE 22 - 380 - ACERO,Bersa,40504.75,5,,,
351969626,TN ALZAFIBRA 3,Bersa ALZA DE FIBRA OPTICA VERDE BP - ACERO,Bersa,40504.75,5,,,
351969629,T901427PX,Bersa ALZA LPA ALTA - ITALIANO - PARA MODELOS TPR XT / THUNDER XT,Bersa,132289.30,5,,,
351969633,T901603,Bersa ALZA LPA BAJA - ITALIANO - PARA MODELOS TPR XP,Bersa,118289.60,5,,,
351969635,T901430-PAV,Bersa ALZA METALICA CIEGA TPR - THUNDER PRO,Bersa,16027.36,5,,,
351969638,T901431-PIN,Bersa ALZA METALICA CON PUNTOS TPR - THUNDER PRO,Bersa,21531.98,5,,,
351969639,TP22B23-PAV,Bersa ARANDELA DE MARTILLO,Bersa,3848.07,5,,,
351969641,TP22B24,Bersa ARANDELA DE RETENCION DEMARTILLO,Bersa,3848.07,5,,,
351969647,T902106,Bersa BALLESTA RETEN CORREDERA,Bersa,4707.79,5,,,
351969649,T452106,Bersa BALLESTA RETEN DE CORREDERA,Bersa,4730.78,5,,,
351969652,T904005,Bersa BALLESTA TIRANTE DE MARTILLO,Bersa,4707.79,5,,,
351969653,T492401-PAV,Bersa BOTÓN DEL RETEN DE CARGADOR,Bersa,11535.01,5,,,
351969656,TP22B3-PAV,Bersa BUJE DE DESAMARTILLADOR,Bersa,1439.00,5,,,
351969657,TP380CCD12-PAV,Bersa BUJE DEL DISPARADOR,Bersa,3834.28,5,,,
351969661,T902103-PAV,Bersa BUJE LEVA DE CAÑÓN,Bersa,6597.35,5,,,
351969664,TP22T4,Bersa CACHA / GRIP 22 - 380 GOMA NEGRO,Bersa,29608.82,5,,,
351969665,TP22T5,Bersa CACHA / GRIP 22 - 380 GOMA ROSA,Bersa,29608.82,5,,,
351969669,TP380CBT4,Bersa CACHA / GRIP 22 - 380 GOMA VERDE,Bersa,29608.82,5,,,
351969672,TPB380T12,Bersa CACHA / GRIP 380 PLUS GOMA FDE,Bersa,29608.82,5,,,
351969674,TPB380T10,Bersa CACHA / GRIP 380 PLUS GOMA NEGRO,Bersa,29608.82,5,,,
351969675,TPB380T11,Bersa CACHA / GRIP 380 PLUS GOMA VERDE,Bersa,29608.82,5,,,
351969677,TP380CCT1,Bersa CACHA / GRIP 380cc,Bersa,29608.82,5,,,
351969678,KIT000033,Bersa CACHA / GRIP CON RIEL PARA TPR 380 - THUNDER 380 - THUNDER 22,Bersa,32343.30,5,,,
351969687,T457001,Bersa CACHA /GRIP ORIGINAL BERSA TPR 45C,Bersa,32224.05,5,,,
351969698,T907002,Bersa CACHA /GRIP ORIGINAL BERSA TPR9 / 40,Bersa,32224.05,5,,,
351969706,T907003-CKFDE,Bersa CACHA /GRIP ORIGINAL BERSA TPR9 / 40 FDE,Bersa,32224.05,5,,,
351969715,T907004-CKODG,Bersa CACHA /GRIP ORIGINAL BERSA TPR9 / 40 OD GREEN,Bersa,32224.05,5,,,
351969725,T917002,Bersa CACHA /GRIP ORIGINAL BERSA TPRc 9 / 40,Bersa,32224.05,5,,,
351969734,T917003-CKFDE,Bersa CACHA /GRIP ORIGINAL BERSA TPRc 9 / 40 FDE,Bersa,32224.05,5,,,
351969743,T917004,Bersa CACHA /GRIP ORIGINAL BERSA TPRc 9 / 40 OD GREEN,Bersa,32224.05,5,,,
351969751,T491700,Bersa CONJUNTO RESORTE INTERNO DE PERCUTOR,Bersa,8753.55,5,,,
351969760,T491130,Bersa CONJUNTO RESORTE RECUPERADOR,Bersa,27658.28,5,,,
351969769,T906000-PAV,Bersa CONJUNTO RETEN DE CARGADOR,Bersa,12399.33,5,,,
351969778,T491215-PAV,Bersa CUERPO DEL SEGURO AUTOMATICO DEL PERCUTOR,Bersa,10353.46,5,,,
351969787,T901207P-PAV,Bersa CUERPO DEL SEGURO AUTOMÁTICO DE PERCUTOR,Bersa,10339.67,5,,,
351969797,TP380CCA40-PAV,Bersa CUERPO DEL SENSOR,Bersa,13243.82,5,,,
351969808,T492402-PAV,Bersa CUERPOR DEL RETEN DE CARGADOR,Bersa,16822.08,5,,,
351969818,LUBRICANTE0002,Bersa DENSCOBRANTE x 6 unidades,Bersa,75150.80,5,,,
351969827,T902416-PAV,Bersa DESAMARTILLADOR,Bersa,3848.07,5,,,
351969837,T904008-PAV,Bersa DESCONECTOR,Bersa,3848.07,5,,,
351969846,T904001P-PAV,Bersa DISPARADOR,Bersa,20739.11,5,,,
351969855,T905103-PAV,Bersa EMPUJADOR DE MARTILLO FULL,Bersa,10390.24,5,,,
351969864,T915103-PAV,Bersa EMPUJADPR DE MARTILLO COMPACTA,Bersa,10390.24,5,,,
351969872,TP22B27,Bersa ESPINA ELASTICA DEL CAÑON,Bersa,3848.07,5,,,
351969883,T491305,Bersa ESPINA ELASTICA DEL EXTRACTOR NUEVO ( POSTERIOR 2022 ),Bersa,3848.07,5,,,
351969893,TP22B26,Bersa ESPINA ELASTICA DEL FIADOR,Bersa,3848.07,5,,,
351969902,T902421,Bersa ESPINA ELASTICA DEL SEGURO,Bersa,3834.28,5,,,
351969912,T901223P,Bersa ESPINA EXTERIOR TOPE DE PERCUTOR,Bersa,3848.07,5,,,
351969921,T901503P,Bersa ESPINA INDICADOR DE BALA EN RECAMARA,Bersa,3834.28,5,,,
351969930,T901222P,Bersa ESPINA INTERIOR TOPE DE PERCUTOR,Bersa,3848.07,5,,,
351969938,T908003FSPL,Bersa ESTUCHE CHICO BERSA - Medidas: 23x15cm ( ROJO ),Bersa,29422.60,5,,,
351969940,T902310P-PAV,Bersa EXPULSOR,Bersa,6597.35,5,,,
351969943,T451210-PAV,Bersa EXTRACTOR,Bersa,11374.10,5,,,
351969945,T901210-PAV,Bersa EXTRACTOR (ANTERIOR 2022),Bersa,11217.79,5,,,
351969947,T901214-PAV,Bersa EXTRACTOR 2020,Bersa,11378.70,5,,,
351969949,TP23A5-PAV,Bersa EXTRACTOR 22,Bersa,11493.63,5,,,
351969951,T901215-PAV,Bersa EXTRACTOR NUEVO (POSTERIOR 2022),Bersa,11217.79,5,,,
351969952,T905207-PAV,Bersa FIADOR,Bersa,9673.04,5,,,
351969955,T492018,Bersa FRAME BP 9 / 380 / 40 Color CELESTE,Bersa,46899.42,5,,,
351969957,T497002,Bersa FRAME BP 9 / 380 / 40 Color Desert (FDE),Bersa,46899.42,5,,,
351969961,T492021,Bersa FRAME BP 9 / 380 / 40 Color Gris,Bersa,46899.42,5,,,
351969963,T492012,Bersa FRAME BP 9 / 380 / 40 Color MARRON,Bersa,46899.42,5,,,
351969964,T496000,Bersa FRAME BP 9 / 380 / 40 Color Negro,Bersa,46899.42,5,,,
351969965,T492016,Bersa FRAME BP 9 / 380 / 40 Color ROSA,Bersa,46899.42,5,,,
351969968,T497000,Bersa FRAME BP 9 / 380 / 40 Color Verde Oliva (OD),Bersa,46899.42,5,,,
351969970,TP22D1AR,"Bersa GRUPO DISPARADOR ARMADO - COMPLETO - DISPARADOR, BUJE Y RESORTE",Bersa,15235.96,5,,,
351969971,TP22M1AR,Bersa GRUPO MARTILLO 22 - 380 - 380cc - 380 PLUS,Bersa,16445.09,5,,,
351969973,TP22R1AR,Bersa GRUPO RETEN CARGADOR,Bersa,9608.68,5,,,
351969975,T905106-PAV,Bersa GUIA DEL EJE DE MARTILLO,Bersa,3834.28,5,,,
351969976,T451103-PAV,Bersa GUIA RESOERTE RECUPERADOR,Bersa,11466.05,5,,,
351969978,T911103-PAV,Bersa GUIA RESORTE RECUPERADOR COMPACTA,Bersa,11580.98,5,,,
351969979,T901103-PAV,Bersa GUIA RESORTE RECUPERADOR FULL 9/40,Bersa,11580.98,5,,,
351969982,TN GUION XT,Bersa GUION ALTO CIEGO - PARA XT - PARA USAR CON ALZA LPA - ACERO,Bersa,22651.20,5,,,
351969983,TN GUIONFIBRA 7,Bersa GUION DE FIBRA ROJO - THUNDER 380 - ACERO,Bersa,39796.90,5,,,
351969987,TN GUIONFIBRA 6,Bersa GUION DE FIBRA VERDE - THUNDER 380 - ACERO,Bersa,39796.90,5,,,
351969989,T491405-PIN,Bersa GUION TPR - THUNDER PRO - BP,Bersa,10339.67,5,,,
351969991,TP380A1-4-PIN,Bersa GUIÓN,Bersa,9011.01,5,,,
351969992,TP22A24AR,Bersa GUIÓN 22-6,Bersa,12120.56,5,,,
351969994,T901314PX-PAV,Bersa GUIÓN LPA ALTO -ITALIANO - PARA MODELOS TPR XT / THUNDER XT,Bersa,50571.95,5,,,
351969996,T901316P-PAV,Bersa GUIÓN LPA BAJO - ITALIANO - PARA MODELOS TPR XP,Bersa,50571.95,5,,,
351969999,GF-POUNIA,Bersa HOLSTER NIVEL 2 PARA BERSA BP9FS - CLIP PARA CINTURON REGULABLE - UNIVERSAL,Bersa,53073.62,5,,,
351970001,T901501-PAV,Bersa INDICADOR BALA EN RECAMARA,Bersa,10339.67,5,,,
351970002,T451501-PAV,Bersa INDICADOR DE BALA EN RECAMARA,Bersa,10339.67,5,,,
351970004,KIT000030,Bersa JUEGO DE ALZA Y GUION DE FIBRA OPTICA VERDE BP - FIBRA de 1mm BAJO PERFIL EN ALUMINIO ANODIZADO,Bersa,72829.90,5,,,
351970007,KIT000029,Bersa JUEGO DE ALZA Y GUIONDE FIBRA OPTICA ROJA BP - FIBRA de 1mm BAJO PERFIL EN ALUMINIO ANODIZADO,Bersa,72829.90,5,,,
351970008,KIT000024,Bersa KIT ALIVIANADOR PARA PISTOLA COMPACTA -- TPRc THUNDER UC / THUNDER PRO UC,Bersa,31230.10,5,,,
351970011,KIT000018,Bersa KIT ALIVIANADOR TPR / THUNDER / THUNDER PRO,Bersa,31230.10,5,,,
351970014,TN TOOLKIT001,Bersa KIT DE HERRAMIENTAS PARA DESARME (Color del Bolso según disponibilidad- OD - TAN - NEGRO),Bersa,97193.25,5,,,
351970017,KIT380NIKEL,Bersa KIT DE PIEZAS MOVILES NIQUELADAS PARA THUNDER 380,Bersa,108881.85,5,,,
351970018,KITRABIZA,Bersa KIT DE RABIZA PARA TPR - INCLUYE : RABIZA DE NYLON + TOPE DE RESORTE DE MARTILLO EXTENDIDO + ANILLA + ESPINA DE...,Bersa,48248.75,5,,,
351970020,T902102-PAV,Bersa LEVA DE CAÑÓN,Bersa,13838.33,5,,,
351970022,T904006-PAV,Bersa LEVA DEL SEGURO AUTOMATICO,Bersa,6597.35,5,,,
351970025,TP22D7-PAV,Bersa LEVA SEGURO AUTOMATICO DEL PERCUTOR,Bersa,4776.75,5,,,
351970028,TP22LLAV,Bersa LLAVE DEL SEGURO DE BLOQUEO INTEGRAL,Bersa,5702.12,5,,,
351970031,LUBRICANTE0001,Bersa LUBRICANTE EN AEROSOL x 12 unidades,Bersa,139319.58,5,,,
351970036,T905003-PAV,Bersa MARTILLO,Bersa,20697.73,5,,,
351970037,T908008PL,Bersa NUEVO ESTUCHE CHICO BERSA - Medidas: 25x17cm,Bersa,29422.60,5,,,
351970039,T902207P-PAV,Bersa PALANCA DE DESARME,Bersa,15681.91,5,,,
351970041,TP22A16-PAV,Bersa PALANCA DE SEGURO,Bersa,15916.38,5,,,
351970043,T402301-PAV,Bersa PALANCA RETEN CORREDERA - DESARME,Bersa,16822.08,5,,,
351970045,TP22A33-PAV,Bersa PALANCA RETEN CORREDERA 22,Bersa,18380.62,5,,,
351970047,TP380A33-PAV,Bersa PALANCA RETEN DE CORREDERA,Bersa,18380.62,5,,,
351970049,TP380CCA16-PAV,Bersa PALANCA SEGURO,Bersa,13838.33,5,,,
351970050,T901205P-PAV,Bersa PERCUTOR,Bersa,10735.05,5,,,
351970052,TP22A7-PAV,Bersa PERCUTOR 22,Bersa,10725.86,5,,,
351970053,T901205PXT-PAV,Bersa PERCUTOR EXTENDIDO TPR / THUNDER / THUNDER PRO,Bersa,17369.55,5,,,
351970056,P22B1-5,Bersa PERNO,Bersa,3333.15,5,,,
351970058,TP22B1-6-PAV,Bersa PERNO DE CACHA,Bersa,6643.32,5,,,
351970060,T904003-PAV,Bersa PERNO DE DISPARADOR,Bersa,7659.36,5,,,
351970063,T492501-PAV,Bersa PERNO DE ENSAMBLE,Bersa,6606.54,5,,,
351970068,TP22B21-PAV,Bersa PERNO DE MARTILLO,Bersa,7659.36,5,,,
351970070,TP380CCA41-PAV,Bersa PERNO DE TRANSMISIÓN DEL SENSOR,Bersa,3333.15,5,,,
351970072,TP22B1-4-PAV,Bersa PERNO DEL DISPARADOR,Bersa,7659.36,5,,,
351970074,T901211-PAV,Bersa PERNO DEL EXTRACTOR ( ANTERIOR 2020 ),Bersa,7645.56,5,,,
351970076,T905208-PAV,Bersa PERNO DEL FIADOR,Bersa,7631.77,5,,,
351970078,T492404-PAV,Bersa PERNO DEL RETEN DE CARGADOR,Bersa,6606.54,5,,,
351970080,T491210-PAV,Bersa PERNO DEL RETEN DE PERCUTOR,Bersa,1930.93,5,,,
351970082,T902414-NKL,Bersa PERNO DEL SEGURO,Bersa,4730.78,5,,,
351970084,T491212,Bersa PERNO DEL SEGURO AUTOMATICO DEL PERCUTOR,Bersa,3834.28,5,,,
351970087,TP22A1-2-PAV,Bersa PERNO EXTRACTOR,Bersa,3834.28,5,,,
351970090,TP22A17-NKL,Bersa PERNO PALANCA DE DESARME,Bersa,4730.78,5,,,
351970091,T902418-PAV,Bersa PERNO TOPE DEL SEGURO,Bersa,7659.36,5,,,
351970094,T901052-ANN,Bersa PLACA ADAPTADORA PARA MIRA HOLOGRÁFICA (TPR XT) - COMPATIBLE CON HUELLA DOCTER,Bersa,53333.78,5,,,
351970097,T901057-ANN,Bersa PLACA ADAPTADORA PARA MIRA HOLOGRÁFICA HUELLA RMR PARA MODELOS TPR XT,Bersa,68443.65,5,,,
351970098,T471057-ANN,Bersa PLACA ADAPTADORA PARA MIRA HOLOGRÁFICA OSIGHT ADAPTA HUELLA RMSc a HUELLA RMR - PARA BP9FS ANODIZADDA NEGRO,Bersa,68443.65,5,,,
351970101,T491053-ANN,Bersa PLACA CON ALZA INTEGRADA PARA BPccCT,Bersa,65323.67,5,,,
351970103,GF-NPL21B,Bersa RABIZA DE NYLON CON CABLE DE ACERO RECUBIERTO - INCLUYE GANCHO DOBLE DE SEGURIDAD,Bersa,23207.80,5,,,
351970104,T451536,Bersa REFUERZO RESORTE RECUPERADOR,Bersa,12468.29,5,,,
351970107,T911536,Bersa REFUERZO RESORTE RECUPERADOR 9/40 / 45,Bersa,12468.29,5,,,
351970110,TP380CCA44,Bersa RESALTADOR DEL SENSOR,Bersa,1471.19,5,,,
351970111,T902415,Bersa RESOERTE DEL SEGURO,Bersa,4367.58,5,,,
351970113,TP22B18,Bersa RESOERTE DEL SEGURO DE CARGADOR,Bersa,4082.54,5,,,
351970115,T451535,Bersa RESOERTE RECUPERADOR,Bersa,12468.29,5,,,
351970117,T904004,Bersa RESORTE DE DISPARADOR,Bersa,3503.26,5,,,
351970121,T905104,Bersa RESORTE DE MARTILLO 9/40,Bersa,6896.18,5,,,
351970122,T915104,Bersa RESORTE DE MARTILLO COMPACTA 9/40,Bersa,6896.18,5,,,
351970123,T901206,Bersa RESORTE DE PERCUTOR,Bersa,2974.55,5,,,
351970125,T901212,Bersa RESORTE DEL EXTRACTOR (ANTERIOR 2022),Bersa,4730.78,5,,,
351970127,T905209PXT,Bersa RESORTE DEL FIADOR,Bersa,3503.26,5,,,
351970129,T492403,Bersa RESORTE DEL RETEN DE CARGADOR,Bersa,3903.24,5,,,
351970130,T491211,Bersa RESORTE DEL RETEN DE PERCUTOR,Bersa,4367.58,5,,,
351970131,T901208P,Bersa RESORTE DEL SEGURO AUTOMATICO DEL PERCUTOR,Bersa,6597.35,5,,,
351970135,TP380CCA43,Bersa RESORTE DEL SENSOR,Bersa,3797.50,5,,,
351970136,TPB380B23,Bersa RESORTE DEL TIRANTE DE MARTILLO,Bersa,5011.22,5,,,
351970138,T491209,Bersa RESORTE EXTERNO DEL PERCUTOR,Bersa,3002.14,5,,,
351970141,TP22A6,Bersa RESORTE EXTRACTOR,Bersa,4730.78,5,,,
351970142,T491306,Bersa RESORTE EXTRACTOR NUEVO ( POSTERIOR 2022 ),Bersa,4427.35,5,,,
351970144,T901502,Bersa RESORTE INDICADOR DE BALA EN RECAMARA,Bersa,4730.78,5,,,
351970146,TP22A18,Bersa RESORTE PALANCA DE DESARME,Bersa,4730.78,5,,,
351970147,TP22A9,Bersa RESORTE RECUPERADOR,Bersa,15479.62,5,,,
351970149,T911535,Bersa RESORTE RECUPERADOR COMPACTA 9/40 / 45,Bersa,12468.29,5,,,
351970152,T901104,Bersa RESORTE RECUPERADOR FULL 9/40,Bersa,12468.29,5,,,
351970153,TP22A10,Bersa RESORTE RECUPERADOR LIGHT - 2700g APTO PARA MUNICION STANDARD,Bersa,15631.34,5,,,
351970156,T901221,Bersa RESORTE REFUERZO DEL EXTRACTOR (ANTERIOR 2022),Bersa,4730.78,5,,,
351970158,TP22A34,Bersa RESORTE RETEN CORREDERA 22,Bersa,4008.98,5,,,
351970160,TP380A34,Bersa RESORTE RETEN DE CORREDERA,Bersa,3043.51,5,,,
351970161,T902417,Bersa RESORTE SEGURO TIRANTE DE MARTILLO,Bersa,4330.80,5,,,
351970163,TP22B16,Bersa RESORTE TIRANTE DE MARTILLO,Bersa,4730.78,5,,,
351970166,TP22B14,Bersa RESORTE TOPE DE CORREDERA,Bersa,4367.58,5,,,
351970168,T902104P-PAV,Bersa RETE CORREDERA IZQUIERDO,Bersa,15916.38,5,,,
351970173,T902105P-PAV,Bersa RETEN CORREDERA DERECHO,Bersa,15916.38,5,,,
351970174,T906000PXT-PAV,Bersa RETEN DE CARGADOR EXTENDIDO TPR - THUNDER PRO,Bersa,24212.10,5,,,
351970176,T452104P-PAV,Bersa RETEN DE CORREDERA IZQUIERDO,Bersa,15916.38,5,,,
351970177,T491205,Bersa RETEN PERCUTOR,Bersa,7107.66,5,,,
351970181,T492502,Bersa RETEN PERNO DE ENSAMBLE,Bersa,1838.98,5,,,
351970183,TP22A29-PAV,Bersa SEGURO AUTOMATICO DEL PERCUTOR,Bersa,10353.46,5,,,
351970185,T902410,Bersa SUBCONJUNTO PALANCA DE SEGURO ( DERECHA + IZQUIERDA + ESPINA ELASTICA ),Bersa,38153.11,5,,,
351970188,0ABTP-M2,Bersa TAPA +2 PLASTICA BERSA .380 - CARGADOR 15 DISPAROS - EN BLISTER,Bersa,12456.95,5,,,
351970190,0AT9IT-M2,Bersa TAPA +2 PLASTICA BERSA 9-40 - PARA CARGADOR ITALIANO - SIN BLISTER,Bersa,11404.25,5,,,
351970192,T901053-ANN,Bersa TAPA ALOJAMIENTO RED DOT,Bersa,11024.76,5,,,
351970194,T904002-PAV,Bersa TIRANTE DE MARTILLO,Bersa,17277.23,5,,,
351970196,TP22D3-PAV,Bersa TIRANTE DE MARTILLO PAVON,Bersa,17277.23,5,,,
351970198,TP22B13-PAV,Bersa TOPE DE CORREDERA,Bersa,10353.46,5,,,
351970200,T902411-PAV,Bersa TOPE DE MARTILLO,Bersa,10735.05,5,,,
351970202,TP380CCB13-PAV,Bersa TOPE MOVIL,Bersa,10353.46,5,,,
351970204,T905105-PAV,Bersa TOPE RESORTE DE MARTILLO / RETEN DE CACHA,Bersa,10735.05,5,,,
351970207,TP22T3-PAV,Bersa TORNILLO DE CACHA,Bersa,1360.85,5,,,
351970209,T901054,Bersa TORNILLO PARA TAPA ALOJAMIENTO RED DOT,Bersa,2427.93,5,,,
351970211,TP22A13-PAV,Bersa TUERCA PARA GUIÓN 22-6,Bersa,10239.78,5,,,
351970213,BES-065,Beretta 1301 Tactical FDE Cal. 12,Beretta,1600.00,5,,,
351970215,BES-062,Beretta A300 Ultim Black CULATA-SINTETICA Cal. 12,Beretta,1200.00,5,,,
351970217,BES-063,Beretta A400 Lite CAMO Cal. 12,Beretta,1500.00,5,,,
351970220,BES-064,Beretta A400 Lite SINTETICO Cal. 12,Beretta,1500.00,5,,,
351970223,BES-066,Beretta BRXI CAL-300-WINCHESTER Cal. 12,Beretta,2000.00,5,,,
351970226,BEP-060,Beretta 3032 Tomcat 9mm Pavonada,Beretta,800.00,5,,,
351970229,BEP-053,Beretta 92 Compact 9mm Pavonada,Beretta,900.00,5,,,
351970231,BEP-059,Beretta 92FS 9mm Pavonada,Beretta,950.00,5,,,
351970232,BEP-051,Beretta 9x9 - Inox,Beretta,700.00,5,,,
351970234,BEP-050,Beretta 9x9 - Pavonada,Beretta,700.00,5,,,
351970236,BEP-054,Beretta 9x9 Storm Subcompact 9mm Pavonada,Beretta,700.00,5,,,
351970239,BEP-052,Beretta APX 9mm Pavonada,Beretta,600.00,5,,,
351970240,BEP-061,Beretta APX AI 9mm Estándar,Beretta,600.00,5,,,
351970245,BEP-056,Beretta APX Cany - FDE Arena,Beretta,600.00,5,,,
351970247,BEP-055,Beretta APX Cany - Pavonada,Beretta,600.00,5,,,
351970253,BEP-057,Beretta APX Compact 9mm Pavonada,Beretta,600.00,5,,,
351970265,BEP-058,Beretta U22 NEOS 9mm Inox,Beretta,500.00,5,,,
351970274,BER-027,Bersa BP9 FS FDE 9mm,Bersa,970201.00,5,,,
351970286,BER-026,Bersa BP9 FS OD FDE 9mm,Bersa,970201.00,5,,,
351970297,BER-028,Bersa BP9 FS Pavon 9mm,Bersa,970201.00,5,,,
351970308,BER-024,Bersa BP9CC FDE Frame 9mm,Bersa,740634.00,5,,,
351970320,BER-023,Bersa BP9CC FDE Optics Ready Pavon 9mm,Bersa,740634.00,5,,,
351970333,BER-025,Bersa BP9CC Flat Dark Earth 9mm,Bersa,740634.00,5,,,
351970345,BER-022,Bersa TPR9 CL 9mm,Bersa,880567.00,5,,,
351970364,BER-020,Bersa TPR9 Cerakote Bright 9mm,Bersa,880567.00,5,,,
351970379,BER-021,Bersa TPR9 Duo Tono 9mm,Bersa,880567.00,5,,,
351970395,BER-018,Bersa TPR9CX FDE 9mm,Bersa,1011148.00,5,,,
351970412,BER-019,Bersa TPR9X Cerakote OD c/caño rosca 9mm,Bersa,971875.00,5,,,
351970429,GLC-001,Glock 17 gen3 9mm,Glock,650.00,5,,,
351970440,GLC-002,Glock 17 gen5 9mm,Glock,750.00,5,,,
351970452,GLC-004,Glock 19 gen4 9mm,Glock,720.00,5,,,
351970465,GLC-003,Glock 19 gen5 9mm,Glock,780.00,5,,,
351970476,GLC-005,Glock 19x arena 9mm,Glock,850.00,5,,,
351970491,GLC-006,Glock 21 gen4 45ACP,Glock,800.00,5,,,
351970502,GLC-007,Glock 22 gen4 40S&W,Glock,750.00,5,,,
351970514,GLC-008,Glock 25 380ACP,Glock,600.00,5,,,
351970528,GLC-009,Glock 30 gen4 45ACP,Glock,850.00,5,,,
351970539,GLC-010,Glock 30s 45ACP,Glock,800.00,5,,,
351970549,GLC-011,Glock 35 gen4 40S&W,Glock,800.00,5,,,
351970563,GLC-012,Glock 43 gen4 9mm,Glock,700.00,5,,,
351970573,GLC-013,Glock 44 gen4 22LR,Glock,550.00,5,,,
351970585,GLC-015,Glock 45compacta 9mm,Glock,800.00,5,,,
351970597,GLC-014,Glock 45mos gen4 9mm,Glock,850.00,5,,,
351970609,GLC-016,Glock 48 9mm,Glock,700.00,5,,,
351970621,GLC-017,Glock 48 dt 9mm,Glock,700.00,5,,,
351970633,TAU-041,Taurus Commander 1911 - 45ACP Inox,Taurus,1250.00,5,,,
351970643,TAU-040,Taurus Commander 1911 - 45ACP Pavonado mate,Taurus,1250.00,5,,,
351970655,TAU-039,Taurus Commander 1911 - 9mm Pavonado mate,Taurus,1250.00,5,,,
351970666,TAU-047,Taurus G2C - 9mm Pavonado/Gris,Taurus,420.00,5,,,
351970677,TAU-048,Taurus G2C - 9mm Pavonado/Sint.,Taurus,420.00,5,,,
351970690,TAU-045,Taurus G3C - 9mm Arena/Negro,Taurus,440.00,5,,,
351970702,TAU-042,Taurus G3C - 9mm Inox/Marrón,Taurus,440.00,5,,,
351970706,TAU-043,Taurus G3C - 9mm Toro Pavonado/Sint.,Taurus,440.00,5,,,
351970709,TAU-044,Taurus G3C - 9mm Verde/Negro,Taurus,440.00,5,,,
351970711,TAU-046,Taurus MTH40C 40 S&W Pavonado,Taurus,530.00,5,,,
351970715,TAU-049,Taurus MTS9 9mm Pavonada,Taurus,450.00,5,,,
351970717,TAU-030,Taurus 627 CP 357M Inox,Taurus,830.00,5,,,
351970719,TAU-031,Taurus 627 IM 357M Inox,Taurus,830.00,5,,,
351970721,TAU-032,Taurus 856 UL 38SP Pavonado,Taurus,850.00,5,,,
351970722,TAU-035,Taurus M444 IG 44MG Inox,Taurus,900.00,5,,,
351970724,TAU-029,Taurus M825 PM 38SPL Pavonado,Taurus,850.00,5,,,
351970725,TAU-038,Taurus M85 38SP Pavonado,Taurus,630.00,5,,,
351970729,TAU-036,Taurus M855 38SP Pavonado,Taurus,630.00,5,,,
351970731,TAU-037,Taurus M94 22LR Inox,Taurus,660.00,5,,,
351970735,TAU-033,Taurus M96 22LR Pavonado,Taurus,850.00,5,,,
351970737,TAU-034,Taurus M992 22LR/22MAG Inox/Mate,Taurus,850.00,5,,,
351970739,TN CB002,Cuchillos CORTAPLUMAS MOD. COMMANDO HOJA - ACERO INOX 14C28N BLACK TITANIUM PLATTING STONEWASH GRIP G10 APERTURA POR ...,Cuchillos,59967.60,5,,,
351970742,TN OLIGHT 147,Olight 1600mAh 3v CR123A NO RECARGABLE PL 3 - PL 3S - PL 2,Olight,7350.75,5,,,
351970743,TN OLIGHT 42,Olight 18500 2040 mAh PARA MODELO ODIN MINI,Olight,61256.25,5,,,
351970746,TN OLIGHT 46,"Olight 18650 / 3,6v CUSTOM 3500mah/ EN CAJA PARA: Warrior mini 2/Perun/Baton Pro",Olight,58806.00,5,,,
351970747,TN OLIGHT 229,"Olight 18650 3,6v 3400 mAh HIG DRAIN 12,2Wh",Olight,53088.75,5,,,
351970751,TN OLIGHT 149,Olight 2.4V 1420mAh RECARGABLE PUERTO USB PARA i5R EOS,Olight,29403.00,5,,,
351970752,TN OLIGHT 44,"Olight 21700 / 3,6v CUSTOM 5000mAh PARA: WARRIOR X PRO-TURBO /M2R PRO /ODIN SEEKER 2 PRO /PERUN 2",Olight,66156.75,5,,,
351970753,TN OLIGHT 227,"Olight 32650 3,7V 6500mAh PARA MARAUDER MINI",Olight,89842.50,5,,,
351970755,TN OLIGHT 233,Olight ARKPRO - LINTERNA LED 1500Lum. 2 MODOS DE LUZ + LUZ UV 360nm. + LASER VERDE 5mw,Olight,306934.65,5,,,
351970756,TN OLIGHT 253,Olight ARKPRO HOLSTER - HOLSTER PARA MODELOS ARKPRO,Olight,31853.25,5,,,
351970758,TN OLIGHT 257,Olight ARKPRO LITE - LINTERNA LED 1200Lum. + LUZ UV 360nm. + LUZ ROJA,Olight,245025.00,5,,,
351970760,TN OLIGHT 232,Olight ARKPRO ULTRA - LINTERNA LED 1700Lum. 2 MODOS DE LUZ + LUZ UV 360nm. + LASER VERDE 5mw CONSTRUIDA EN OAL,Olight,398900.70,5,,,
351970762,TN OLIGHT 113,Olight ARRAY 2 PRO - POTENCIA 1500lumens AUTONOMÍA Max. 18 hours ALCANCE 150meters LUZ ROJA INCLUIDA RECARGABLE,Olight,220522.50,5,,,
351970764,TN OLIGHT 68,Olight ARRAY 2S - 1000 LUMENS MAX. LUZ ROJA INCLUIDA RECARGABLE,Olight,245025.00,5,,,
351970767,TN OLIGHT 6,Olight BALDR MINI CON LASER VERDE RECARGABLE - 600 LUMENS MAX. INCLUYE LASER VERDE 5mw RECARGABLE USB MAGNÉTICO NO ST...,Olight,306281.25,5,,,
351970771,TN OLIGHT 11,Olight BALDR MINI DESERT TAN LASER VERDE RECARGABLE - 600 LUMENS MAX. INCLUYE LASER VERDE 5mw RECARGABLE USB MAGNÉTIC...,Olight,306281.25,5,,,
351970772,TN OLIGHT 166,Olight BALDR MINI LASER ROJO RECARGABLE - 600 LUMENS MAX. INCLUYE LASER ROJO RECARGABLE USB MAGNÉTICO NO STROBO RECAR...,Olight,284229.00,5,,,
351970775,TN OLIGHT 84,Olight BALDR PRO R CON LASER VERDE RECARGABLE - 1350 LUMENS MAX. 200mt. ALCANCE MAX. CON STROBO INCLUYE LASER VERDE D...,Olight,416542.50,5,,,
351970778,TN OLIGHT 86,Olight BALDR S CON LASER VERDE RECARGABLE - 800 LUMENS MAX. INCLUYE LASER VERDE 5mw RECARGABLE USB MAGNÉTICO NO STROB...,Olight,338134.50,5,,,
351970780,TN OLIGHT 87,Olight BALDR S CON LASER VERDE RECARGABLE DESERT TAN - 800 LUMENS MAX. INCLUYE LASER VERDE 5mw RECARGABLE USB MAGNÉTI...,Olight,338134.50,5,,,
351970782,TN OLIGHT 105,Olight BATON 3 PRO - PPOTENCIA 1500 lumens AUTONOMÍA Max. 120days ALCANCE Max. 175 meters,Olight,171517.50,5,,,
351970783,TN OLIGHT 104,Olight BATON 3 PRO MAX - POTENCIA 2500 lumens AUTONOMÍA Max. 47 days ALCANCE Max. 145 meters,Olight,220522.50,5,,,
351970785,TN OLIGHT 151,Olight BATON 4 PREMIUM EDITION POWER BANK - 1301 LUMENS MAX. 170mt. ALCANCE MAX. RECARGABLE,Olight,245025.00,5,,,
351970787,TN OLIGHT 127,Olight BATON 4 RCARGABLE / USB MAGNÉTICO - 1300 LUMENS MAX. 170mt. ALCANCE MAX. RECARGABLE,Olight,159266.25,5,,,
351970789,TN OLIGHT 172,Olight BATON TURBO LARGO ALCANCE - 1000 LUMENS MAX. 510mt. ALCANCE MAX. RECARGABLE LARGO ALCANCE,Olight,171517.50,5,,,
351970792,TN OLIGHT 195,Olight BATON TURBO OD GREEN - 1000 LUMENS MAX. 510mt. ALCANCE MAX. RECARGABLE LARGO ALCANCE,Olight,171517.50,5,,,
351970793,TN OLIGHT 141,Olight BS 100 LUZ TRASERA STOP INTELIGENTE - 100 Lumens STOP INTELIGENTE Recargable,Olight,73507.50,5,,,
351970795,TN OLIGHT 81,Olight CARGADOR MCC 1 - A MAGNÉTICO USB - PARA LINTERNAS DE CARGA MAGNÉTICA QUE RECOMIENDE 1A DE CARGA,Olight,39204.00,5,,,
351970797,TN OLIGHT 60,Olight CARGADOR MCC 3 - A MAGNÉTICO USB - PARA TODOS LOS MODELOS OLIGHT RECARGABLES EXCEPTO BALDR MINI - PL MINI 2 - ...,Olight,39204.00,5,,,
351970801,TN OLIGHT 82,Olight CARGADOR MCC SPECIAL - PARA LINTERNAS ARMA CORTA PL MINI 2 BALDR MINI BALDR S,Olight,39204.00,5,,,
351970803,TN OLIGHT 205,"Olight CUSTOM 7,2v 5000mAh PARA: JAVELOT TURBO 2",Olight,159266.25,5,,,
351970804,TN OLIGHT 80,Olight FGR - ANILLO GRIP DE MANO PARA LINTERNAS ODIN SERIES,Olight,24502.50,5,,,
351970807,TN OLIGHT 137,Olight JAVELOT - POTENCIA Max.:1350 lumens RECARGABLE ALCANCE Max. 730 met.,Olight,257276.25,5,,,
351970811,TN OLIGHT 192,Olight JAVELOT OD GREEN - POTENCIA Max.:1350 lumens RECARGABLE ALCANCE Max. 730 met.,Olight,257276.25,5,,,
351970815,TN OLIGHT 183,Olight JAVELOT TURBO 2 - POTENCIA 2500 lumens ALCANCE Max. 1050 meters SWITCH REMOTO INALAMBRICO INCLUIDO,Olight,514552.50,5,,,
351970817,TN OLIGHT 185,Olight JAVELOT TURBO 2 KIT DE CAZA - POTENCIA 2500 lumens ALCANCE Max. 1050 meters SWITCH REMOTO INALAMBRICO INCLUIDO...,Olight,666468.00,5,,,
351970821,TN OLIGHT 220,Olight JAVELOT TURBO 2 KIT DE CAZA CAMOUFLAGE - POTENCIA 2500 lumens ALCANCE Max. 1050 meters SWITCH REMOTO INALAMBRI...,Olight,686070.00,5,,,
351970822,TN OLIGHT 184,Olight JAVELOT TURBO 2 OD GREEN - POTENCIA 2500 lumens ALCANCE Max. 1050 meters SWITCH REMOTO INALAMBRICO INCLUIDO,Olight,514552.50,5,,,
351970824,TN OLIGHT 175,Olight MARAUDER MINI DOBLE MODO LARGO ALCANCE INUNDACION + LUZ RGB - 7000 LUMES INUNDACION 850 LUM. LARGO ALCANCE 600...,Olight,490050.00,5,,,
351970826,TN OLIGHT 160,Olight MONTAJE GLOCK 43X - 48X - PERMITE COLOCAR MODELOS OLIGHT PL MINI 2 / 3 BALDR MINI / S EN GLOCK 43 / 43X / 48 /48X,Olight,63706.50,5,,,
351970830,TN OLIGHT 77,Olight MONTAJE M-LOCK DESERT TAN - PARA MODELOS ODIN,Olight,73507.50,5,,,
351970833,TN OLIGHT 76,Olight MONTAJE M-LOCK NEGRO - PARA MODELOS ODIN,Olight,73507.50,5,,,
351970835,TN OLIGHT 78,Olight MONTAJE PICATINNY NEGRO - PARA MODELOS ODIN,Olight,73507.50,5,,,
351970837,TN OLIGHT 228,Olight MONTAJE SIG SAUER P365 - PERMITE COLOCAR MODELOS OLIGHT PL MINI 2 / 3 BALDR MINI / S EN SIG P365,Olight,63706.50,5,,,
351970841,TN OLIGHT 13,Olight MONTURA MAGNÉTICA X-WM03 3 IMANES REGULABLE - 3 IMANES REGULABLE PARA LINTERNAS HASTA 27mm DIÁMETRO,Olight,56355.75,5,,,
351970843,TN OLIGHT 49,Olight MONTURA PARA MIRA MIRA TELESCOPICA TIPO PINZA,Olight,19602.00,5,,,
351970847,TN OLIGHT 62,Olight MONTURA UNIVERSAL PARA BICICLETA ARTICULADA UFBM - PARA LINTERNAS HASTA 27mm DIÁMETRO,Olight,19602.00,5,,,
351970849,TN OLIGHT 146,Olight ODIN GL CON LASER VERDE RECARGABLE-USB PICATINNY INTEGRADO INCLUYE NUEVO REMOTO DUAL - 1500 LUMENS MAX. 215 mt...,Olight,514552.50,5,,,
351970851,TN OLIGHT 101,Olight ODIN GL MINI CON LASER VERDE RECARGABLE-USB PICATINNY INTEGRADO INCLUYE NUEVO REMOTO DUAL - 1000 LUMENS MAX. 1...,Olight,465547.50,5,,,
351970855,TN OLIGHT 167,Olight ODIN S D.TAN RECARGABLE-USB M-LOCK INTEGRADO INCLUYE REMOTO BASE M-LOCK - 1501 LUMENS MAX. 250mt. ALCANCE MAX....,Olight,367537.50,5,,,
351970856,TN OLIGHT 143,Olight ODIN S RECARGABLE-USB M-LOCK INTEGRADO INCLUYE REMOTO BASE M-LOCK - 1500 LUMENS MAX. 250mt. ALCANCE MAX. BASE ...,Olight,367537.50,5,,,
351970858,TN OLIGHT 155,Olight OLANTERN CLASSIC 2 PRO CLAY BEIGE - FAROL RECARGABLE LUZ CALIDA / FRIA 300 lumens MAX. POWER BANK,Olight,276878.25,5,,,
351970859,TN OLIGHT 156,Olight OLANTERN CLASSIC 2 PRO FOREST GREEN - FAROL RECARGABLE LUZ CALIDA / FRIA 300 lumens MAX. POWER BANK,Olight,276878.25,5,,,
351970861,TN OLIGHT 131,Olight Oclip - 300 LUMENS LUZ BLANCA / ROJA AUTONIMÍA MAX. 30 hs ALCANCE MAX. 70 mt.,Olight,73507.50,5,,,
351970866,TN OLIGHT 178,Olight Oclip PRO - 500 LUMENS LUZ BLANCA 2 FOCOS LUZ ROJA AUTONIMÍA MAX. 144 hs ALCANCE MAX. 120 mt.,Olight,98010.00,5,,,
351970868,TN OLIGHT 259,Olight Oclip PRO S - 600 LUMENS LUZ BLANCA ROJA / VERDE / AZUL ULTRA VIOLETA AUTONIMÍA MAX. 144 hs,Olight,99970.20,5,,,
351970869,TN OLIGHT 189,Olight Oclip ULTRA - NAVY BLUE 530 LUMENS LUZ BLANCA / LUZ UV AUTONIMÍA MAX. 144 hs ALCANCE MAX. 130 mt.,Olight,129863.25,5,,,
351970873,TN OLIGHT 190,Olight Oclip ULTRA - OLIVE GREEN 530 LUMENS LUZ BLANCA / LUZ UV AUTONIMÍA MAX. 144 hs ALCANCE MAX. 130 mt.,Olight,129863.25,5,,,
351970874,TN OLIGHT 150,Olight PACK DE BATERÍA JAVELOT PRO 2,Olight,196020.00,5,,,
351970877,TN OLIGHT 196,Olight PERUN 3 MINI - POTENCIA 1250 lumens AUTONOMÍA Max. 10 días RECARGABLE ALCANCE Max. 155 met.,Olight,159266.25,5,,,
351970879,TN OLIGHT 221,Olight PERUN 3 MINI LINTERNA + POWER BANK - POTENCIA 1250 lumens AUTONOMÍA Max. 10 días RECARGABLE ALCANCE Max. 155 met.,Olight,245025.00,5,,,
351970880,TN OLIGHT 176,Olight PERUN 3 RECARGABLE / USB SENSOR DE PROXIMIDAD +LUZ ROJA INCLUYE VINCHA - 3000 LUMENS MAX. 160mt. ALCANCE MAX. ...,Olight,232773.75,5,,,
351970883,TN OLIGHT 121,Olight PL 3R VALKYRIE DESERT TAN RECARGABLE - OPOTENCIA 1500 lumens AUTONOMÍA MAX. 270 min. ALCANCE MAX. 225met. RIEL...,Olight,269527.50,5,,,
351970887,TN OLIGHT 120,Olight PL 3R VALKYRIE RECARGABLE - OPOTENCIA 1500 lumens AUTONOMÍA MAX. 270 min. ALCANCE MAX. 225met. RIEL AJUSTABLE ...,Olight,269527.50,5,,,
351970888,TN OLIGHT 122,Olight PL 3S VALKYRIE - OPOTENCIA 1000 lumens AUTONOMÍA MAX. 270 min. ALCANCE MAX. 225met. RIEL AJUSTABLE --NO RECARG...,Olight,196020.00,5,,,
351970891,TN OLIGHT 123,Olight PL 3S VALKYRIE DESERT TAN - OPOTENCIA 1000 lumens AUTONOMÍA MAX. 270 min. ALCANCE MAX. 225met. RIEL AJUSTABLE ...,Olight,196020.00,5,,,
351970892,TN OLIGHT 247,Olight PL X - 1200 LUMENS MAX. FOCO DE INUNDACIÓN FOCO DE PROYECCIÓN RECARGABLE USB C STROBO,Olight,298930.50,5,,,
351970895,TN OLIGHT 1,Olight PL-MINI 2 Valkyrie RECARGABLE / USB MAGNÉTICO - 600 LUMENS MAX. RECARGABLE USB NO STROBO,Olight,220522.50,5,,,
351970897,TN OLIGHT 164,Olight PL-MINI 3 Valkyrie RECARGABLE BATERIAS REMOVIBLES STROBO - 600 LUMENS MAX. BATERIAS REMOBIBLES(2) RECARGABLE U...,Olight,269527.50,5,,,
351970898,TN OLIGHT 5,Olight PL-MINI Valkyrie DESERT TAN RECARGABLE / USB MAGNÉTICO - 600 LUMENS MAX. RECARGABLE USB NO STROBO,Olight,220522.50,5,,,
351970900,TN OLIGHT 152,Olight PROWESS - LINTERNA BIDIRECCIONAL POTENCIA Max. 5000 lumens FAROL MAX. 800 lumens AUTONOMÍA Max. 20 days ALCANC...,Olight,343035.00,5,,,
351970901,TN OLIGHT 48,"Olight RCR123 3,7V 650mAh",Olight,24502.50,5,,,
351970904,TN OLIGHT 45,"Olight RCR123 CUSTOM 550mAh 3,7v PARA: S1R -BATON II PERUN MINI",Olight,24502.50,5,,,
351970907,TN OLIGHT 148,Olight RCR123 CUSTOM 650mAh 3.6V PARA: PERUN 2 MINI BATON 4,Olight,24502.50,5,,,
351970909,TN OLIGHT 142,Olight RN 1500 - POTENCIA MÁX. 1500 lumens AUTONOMÍA MÁX 12.5 hours ALCANCE MÁX. 164 mt.,Olight,205821.00,5,,,
351970912,TN OLIGHT 140,Olight RN 2000 - POTENCIA MÁX. 2000 lumens AUTONOMÍA MÁX 12.5 hours ALCANCE MÁX. 164 mt.,Olight,240124.50,5,,,
351970913,TN OLIGHT 138,Olight SEEKER 4 PRO - POTENCIA Max. 4600 lumens AUTONOMÍA Max. 15 days ALCANCE Max. 260 meters,Olight,343035.00,5,,,
351970915,TN OLIGHT 139,Olight SEEKER MINI - POTENCIA 1200 lumens ALCANCE Max. 120 meters + LUZ ULTRAVIOLETA INCORPORADA,Olight,196020.00,5,,,
351970919,TN OLIGHT 177,Olight SPHERE - ESFERA FAROL 75 LUMENS - 40HS Max. RGB 20 MODOS CONTROL MANUAL + CONTROL VIA APP CELULAR,Olight,80858.25,5,,,
351970922,TN OLIGHT 134,Olight Switch remoto DUAL sRPL-7 PL 3R VALKYRIE MAGNÉTICO NEGRO - MAGNÉTICO c/ TRABA PICATINNY,Olight,51455.25,5,,,
351970923,TN OLIGHT 51,Olight Switch remoto ROD WARRIOR X TURBO JAVELOT TURBO ODIN - MAGNÉTICO ESPIRAL + LOCK c/ TRABA PICATINNY,Olight,73507.50,5,,,
351970924,TN OLIGHT 92,Olight Switch remoto ROD-7 WARRIOR X TURBO JAVELOT TURBO ODIN - MAGNÉTICO + LOCK c/ TRABA PICATINNY,Olight,73507.50,5,,,
351970926,TN OLIGHT 52,Olight Switch remoto RPL-7 PL PRO - BALDR PRO R MAGNÉTICO NEGRO - MAGNÉTICO c/ TRABA PICATINNY,Olight,49005.00,5,,,
351970927,TN OLIGHT 109,Olight Switch remoto sROD WARRIOR PRO 2 WARRIOR X 3 / 3S JAVELOT JAVELOT PRO2 ODIN GL - MAGNÉTICO DUAL ESPIRAL + LOCK,Olight,85758.75,5,,,
351970929,TN OLIGHT 110,Olight Switch remoto sROD-7 JAVELOT PRO 2 WARRIOR X 3 / 3S JAVELOT JAVELOT PRO2 ODIN GL - MAGNÉTICO DUAL + LOCK c/ TR...,Olight,85758.75,5,,,
351970932,TN OLIGHT 211,Olight VINCHA MODELOS OCLIP - COMPATIBLE CON TODOS LOS MODELOS OCLIP,Olight,24502.50,5,,,
351970935,TN OLIGHT 103,Olight WARRIOR 3S - POTENCIA Max. 2300 lumens AUTONOMÍA Max. 55 días ALCANCE Max. 300 met,Olight,294030.00,5,,,
351970938,TN OLIGHT 191,Olight WARRIOR 3S OD GREEN - POTENCIA Max. 2300 lumens AUTONOMÍA Max. 55 días ALCANCE Max. 300 met,Olight,294030.00,5,,,
351970941,TN OLIGHT 136,Olight WARRIOR MINI 3 DESERT TAN TÁCTICA RECARGABLE USB MAGNÉTICO - 1752 LUMENS MAX. 240mt. ALCANCE MAX. RECARGABLE C...,Olight,220522.50,5,,,
351970943,TN OLIGHT 135,Olight WARRIOR MINI 3 TÁCTICA RECARGABLE USB MAGNÉTICO - 1751 LUMENS MAX. 240mt. ALCANCE MAX. RECARGABLE C/STROBO,Olight,220522.50,5,,,
351970945,TN OLIGHT 124,Olight WARRIOR NANO RECARGABLE / USB MAGNÉTICO - 1200 LUMENS MAX. ALCANCE MAX. 135 mt.,Olight,183768.75,5,,,
351970947,TN OLIGHT 223,Olight WARRIOR ULTRA OLIVE GREEN - POTENCIA Max. 2500 lumens AUTONOMÍA Max. 55 días ALCANCE Max. 320 met CONSTRUIDA E...,Olight,343035.00,5,,,
351970950,TN OLIGHT 126,Olight WARRIOR X 4 KIT DE CAZA RECARGABLE / USB MAGNÉTICO - 2502 LUMENS MAX. 630mt. ALCANCE MAX. NO STROBO,Olight,416542.50,5,,,
351970954,TN OLIGHT 125,Olight WARRIOR X 4 RECARGABLE / USB MAGNÉTICO - 2600 LUMENS MAX. 630mt. ALCANCE MAX. NO STROBO,Olight,318532.50,5,,,
351970955,TN OLIGHT 39,Olight WARRIOR X TURBO KIT DE CAZA - 1100 LUMENS MAX. 1000mt. ALCANCE MAX. SWITCH REMOTO FILTROS ROJO / VERDE MONTAJE...,Olight,480249.00,5,,,
351970959,TN OLIGHT 25,Olight Warrior X TURBO RECARGABLE / USB MAGNÉTICO - 1100 LUMENS MAX. 1000mt. ALCANCE MAX. NO STROBO,Olight,343035.00,5,,,
351970962,TN OLIGHT 197,Olight i MINI 2 LLAVERO MAGNÉTICA RECARGABLE USB - 50 LUMENS MAGNÉTICA RECARGABLE LLAVERO 25mt. / 60min.,Olight,49005.00,5,,,
351970964,TNOLIGHT4,Olight i1R II EOS DESERT TAN LLAVERO RECARGABLE USB - 150 LUMENS RECARGABLE LLAVERO 5lm/6hrs,Olight,46554.75,5,,,
351970966,TN OLIGHT 10,Olight i1R II EOS LLAVERO RECARGABLE USB - 150 LUMENS RECARGABLE LLAVERO 5lm/6hrs,Olight,46554.75,5,,,
351970970,TN OLIGHT 129,Olight i1R II PRO EOS LLAVERO RECARGABLE USB - 180 LUMENS RECARGABLE LLAVERO 5lm/6hrs,Olight,56355.75,5,,,
351970971,TN OLIGHT 67,Olight i5R EOS - 350 LUMENS RECARGABLE,Olight,85758.75,5,,,
351970973,TN POSTER001,Merchandising POSTER BERSA - ILUSTRACIÓN ARMAS ICÓNICAS - TAMAÑO 70 X 50 VENTA MÍNIMA 5 UNIDADES,Merchandising,2631.75,5,,,
351970975,TN OLIGHT 210,Osight ADAPTADOR RMR a RMSc - PLACA ADAPTADORA PARA MIRAS RED DOT ADAPTA BASE HUELLA RMR A HUELLA RMSc,Osight,58806.00,5,,,
351970976,BO-HT01,Osight B-HUNTER - MIRA TELESCOPICA 3 A 9 X40 SEGUNDO PLANO FOCAL MONOTUBO DE 30mm RETICULO DUPLEX APTA ARMAS DE AIRE ...,Osight,211919.40,5,,,
351970978,BO-HTP1,Osight B-HUNTER PRO RETÍCULO ILUMINADO - MIRA TELESCOPICA 3 A 9 X40 SEGUNDO PLANO FOCAL MONOTUBO DE 30mm RETICULO GER...,Osight,275444.40,5,,,
351970981,BO-RD001,Osight B-MICRO - MIRA REFLEX ABIERTA HUELLA RMSc PUNTO ROJO DE 3 MOA 10 NIVELES DE BRILLO,Osight,358281.00,5,,,
351970984,BO-RD002,Osight B-TACTICAL - MIRA REFLEX ABIERTA HUELLA RMR PUNTO ROJO DE 3 MOA 10 NIVELES DE BRILLO INCLUYE MONTAJE PICATINNY,Osight,424016.67,5,,,
351970987,BO-TR1,Osight B-TACTICAL TR-1 - ELEVADOR PICATINNY HUELLA RMR,Osight,68607.00,5,,,
351970989,TN CT00350,Osight CT RAD Co-Witness Riser - Elevador para miras CT RAD - RAD PRO - CTS-1250,Osight,83308.50,5,,,
351970991,TN CT2440,Osight LG-442 LASER GRIP - Grip con mira laser para Bersa Thunder 22/380,Osight,825734.25,5,,,
351970993,TN OLIGHT 256,Osight OSIGHT C GN MIRA DE PUNTO MULTIRETICULO VERDE BATERIA REMOVIBLE CR1633 - MIRA REFLEX ABIERTA HUELLA RMR MULTIR...,Osight,499851.00,5,,,
351970994,TN OLIGHT 226,Osight OSIGHT C MIRA DE PUNTO MULTIRETICULO ROJO BATERIA REMOVIBLE CR1632 - MIRA REFLEX ABIERTA HUELLA RMR MULTIRETIC...,Osight,477798.75,5,,,
351970995,TN OLIGHT 224,Osight OSIGHT K MIRA DE PUNTO PUNTO ROJO 6 MOA BATERIA REMOVIBLE CR1620 - MIRA REFLEX ABIERTA HUELLA RMSc PUNTO ROJO ...,Osight,416542.50,5,,,
351970998,TN OLIGHT 181,Osight OSIGHT S MIRA DE PUNTO MULTI RETICULO ROJO RECARGABLE - MIRA REFLEX ENCAPSULADA HUELLA RMSc MULTIRETICULO DE 2...,Osight,612562.50,5,,,
351970999,TN OLIGHT 230,Osight OSIGHT SE GN MIRA DE PUNTO PUNTO VERDE 6 MOA BATERIA REMOVIBLE CR1620 - MIRA REFLEX ENCAPSULADA HUELLA RMSc PU...,Osight,551306.25,5,,,
351971001,TN OLIGHT 203,Osight OSIGHT SE MIRA DE PUNTO MULTI RETICULO ROJO BATERIA REMOVIBLE CR1620 - MIRA REFLEX ENCAPSULADA HUELLA RMSc MUL...,Osight,551306.25,5,,,
351971004,TN OLIGHT 231,Osight OSIGHT X GN MIRA DE PUNTO MULTI RETICULO VERDE RECARGABLE - MIRA REFLEX ABIERTA HUELLA RMR MULTIRETICULO DE 3 ...,Osight,612562.50,5,,,
351971007,TN OLIGHT 182,Osight OSIGHT X MIRA DE PUNTO MULTI RETICULO ROJO RECARGABLE - MIRA REFLEX ABIERTA HUELLA RMR MULTIRETICULO DE 3 & 32...,Osight,605211.75,5,,,
351971012,TN OLIGHT 246,Osight OSIGHT XR MIRA DE PUNTO MULTI RETICULO ROJO RECARGABLE - MIRA REFLEX ENCAPSULADA HUELLA RMR MULTIRETICULO DE 2...,Osight,735075.00,5,,,
351971015,TN OLIGHT 163,Osight RMA-OSP 091 MONTAJE PICATINNY PARA OSIGHT - HUELLA RMR MONTAJE ADATADOR PICATINNY PARA MIRA OSIGHT,Osight,49005.00,5,,,
351971017,TN OLIGHT 180,Osight RMA-OSP 157 ELEVADOR MONTAJE PICATINNY PARA OSIGHT - HUELLA RMR ELEVADOR MONTAJE PICATINNY PARA MIRA OSIGHT,Osight,85758.75,5,,,
351971019,BO-SS01,Osight SS01 - JAULA ANTI GOLPES DE ACERO PARA MIRA B-TACTICAL HUELLA RMR,Osight,30492.00,5,,,
351971020,TN OMBLI380ACP,Snap Caps SNAP CAP .380ACP BLISTER X 5,Snap Caps,44472.04,5,,,
351971021,TN OMCLEAN380,Snap Caps SNAP CAP .380ACP(3) + KIT DE LIMPIEZA BLISTER,Snap Caps,52557.86,5,,,
351971025,TN OMBLI40SW,Snap Caps SNAP CAP .40SW BLISTER X 5,Snap Caps,44472.04,5,,,
351971027,TN OMCLEAN40SW,Snap Caps SNAP CAP .40SW(3) + KIT DE LIMPIEZA BLISTER,Snap Caps,52557.86,5,,,
351971029,TN OMBLI45ACP,Snap Caps SNAP CAP .45ACP BLISTER X 5,Snap Caps,44472.04,5,,,
351971030,TN OMCLEAN45ACP,Snap Caps SNAP CAP .45ACP(3) + KIT DE LIMPIEZA BLISTER,Snap Caps,52557.86,5,,,
351971032,TN OMBLI12GA,Snap Caps SNAP CAP 12 BLISTER X 2,Snap Caps,26952.75,5,,,
351971034,TN OMBLI12EVO,Snap Caps SNAP CAP 12 EVO CULOTE EN BRONCE BLISTER X 2,Snap Caps,44472.04,5,,,
351971036,TN OMBLI16,Snap Caps SNAP CAP 16 BLISTER X 2,Snap Caps,26952.75,5,,,
351971039,TN OMBLI20GA,Snap Caps SNAP CAP 20 BLISTER X 2,Snap Caps,26952.75,5,,,
351971041,TN OMBLI20GA EVO,Snap Caps SNAP CAP 20 EVO CULOTE EN BRONCE BLISTER X 2,Snap Caps,44472.04,5,,,
351971043,TN OMBLI223,Snap Caps SNAP CAP 223REM BLISTER X 2,Snap Caps,41654.25,5,,,
351971045,TN OMCLEAN22LR,Snap Caps SNAP CAP 22LR (5) + KIT DE LIMPIEZA BLISTER,Snap Caps,40429.12,5,,,
351971047,TN OMBLI22LR,Snap Caps SNAP CAP 22LR BLISTER X 15,Snap Caps,35038.58,5,,,
351971050,TN OMBLI308,Snap Caps SNAP CAP 308WIN BLISTER X 2,Snap Caps,41654.25,5,,,
351971052,TN OMBLI38-357,Snap Caps SNAP CAP 38SP / 357 BLISTER X 6,Snap Caps,48596.62,5,,,
351971055,TN OMBLI38-357E,Snap Caps SNAP CAP 38SP / 357 EVO BLISTER X 6,Snap Caps,52762.05,5,,,
351971057,TN OMBLI44M,Snap Caps SNAP CAP 44MAG. BLISTER X 6,Snap Caps,49985.10,5,,,
351971059,TN OMBLI9PB,Snap Caps SNAP CAP 9mm BLISTER X 5,Snap Caps,44472.04,5,,,
351971063,TN OMCLEAN9PB,Snap Caps SNAP CAP 9mm(3) + KIT DE LIMPIEZA BLISTER,Snap Caps,52557.86,5,,,
351971065,TN SPEEDLO,Snap Caps SPEED LOADER 9mm CARGADOR NACIONAL / ITALIANO,Snap Caps,8085.83,5,,,
351971067,EA-F101-TAN,"Earmor F101 ""Stealth""",Earmor,124472.70,5,,,
351971069,EA-F101-BK,"Earmor F101 ""Stealth"" - LUZ DE SUPERVIVENCIA MULTIFUNCION PARA CASCO TÁCTICO VISIBLE HASTA 3 MILLAS 4 MODOS DE ILUMIN...",Earmor,124472.70,5,,,
351971071,EA-G01-AB,Earmor G01-AB - POLICARBONATO DE ALTA RESISTENCIA PROTECCION EU EN 166 - ANSI Z87.1.1T PROTECCION UV INCLUYE INSERTO ...,Earmor,44104.50,5,,,
351971074,EA-G01-CL,Earmor G01-CL - POLICARBONATO DE ALTA RESISTENCIA PROTECCION EU EN 166 - ANSI Z87.1.1T PROTECCION UV INCLUYE INSERTO ...,Earmor,44104.50,5,,,
351971075,EA-G01-COMBO,Earmor G01-COMBINATION - LENTES AMBAR - CLEAR - SMOKE PROTECCION EU EN 166 - ANSI Z87.1.1T PROTECCION UV INCLUYE INSE...,Earmor,92292.75,5,,,
351971077,EA-G01-SG,Earmor G01-SG - POLICARBONATO DE ALTA RESISTENCIA PROTECCION EU EN 166 - ANSI Z87.1.1T PROTECCION UV INCLUYE INSERTO ...,Earmor,44104.50,5,,,
351971081,EA-M11,Earmor M11 - KIT DE MONTAJE PARA RIEL ARC CASCO TÁCTICO,Earmor,37407.15,5,,,
351971082,EA-M12,Earmor M12 - KIT DE MONTAJE PARA RIEL EXFIL CASCO TÁCTICO,Earmor,37407.15,5,,,
351971085,EA-M12-QD,Earmor M12 QD - KIT DE MONTAJE PARA RIEL EXFIL CASCO TÁCTICO,Earmor,49821.75,5,,,
351971088,EA-M13,Earmor M13 - KIT DE MONTAJE PARA RIEL M-LOK Mtek FLUX CASCO TÁCTICO,Earmor,74650.95,5,,,
351971089,EA-M14,Earmor M14C - VINCHA CON M62 PARA M31/M31 PLUS REEMPLAZO M21/M32/PLUS/MARK4/M33,Earmor,49821.75,5,,,
351971092,EA-M16A-BK,Earmor M16A - KIT DE MONTAJE PARA M31/M32 PLUS RIEL ARC ROTACION ADELANTE/ATRÁS 4 ARTICULACIONES,Earmor,74650.95,5,,,
351971095,EA-M16A-MLOCK-BK,Earmor M16A M-LOK - KIT DE MONTAJE PARA M31/M32 PLUS RIEL M-LOK ROTACION ADELANTE/ATRÁS 4 ARTICULACIONES,Earmor,124472.70,5,,,
351971096,EA-M31-TW,Earmor M16A TW - KIT DE MONTAJE PARA M31/M32 PLUS RIEL EXFIL ROTACION ADELANTE/ATRÁS 4 ARTICULACIONES,Earmor,74650.95,5,,,
351971099,EA-M20-BK,Earmor M20-BK - PROTECTOR ELECTRONICO INAURAL ESTUCHE DE CARGA NRR 26,Earmor,223952.85,5,,,
351971101,EA-M20-CB,Earmor M20-CB - PROTECTOR ELECTRONICO INAURAL ESTUCHE DE CARGA NRR 26,Earmor,223952.85,5,,,
351971103,EA-M20-FG,Earmor M20-FG - PROTECTOR ELECTRONICO INAURAL ESTUCHE DE CARGA NRR 26,Earmor,223952.85,5,,,
351971104,EA-M20T-PRO-BK,Earmor M20T PRO-BK - PROTECTOR ELECTRONICO INAURAL BLUETOOTH 3 MODOS DE SONIDO ESPUMAS INTERCAMBIABLES - 3 MEDIDAS ES...,Earmor,248700.38,5,,,
351971107,EA-M20T-PRO-CB,Earmor M20T PRO-CB - PROTECTOR ELECTRONICO INAURAL BLUETOOTH 3 MODOS DE SONIDO ESPUMAS INTERCAMBIABLES - 3 MEDIDAS ES...,Earmor,248700.38,5,,,
351971108,EA-M20T-PRO-FG,Earmor M20T PRO-FG - PROTECTOR ELECTRONICO INAURAL BLUETOOTH 3 MODOS DE SONIDO ESPUMAS INTERCAMBIABLES - 3 MEDIDAS ES...,Earmor,248700.38,5,,,
351971110,EA-M300A-BK,Earmor M300A-BK - PROTECTOR ELECTRONICO DEPORTIVO FOAM PADS 2 MICROFONOS CONTROL DE VOLUMEN NRR 22 PORTA PARCHE,Earmor,113560.92,5,,,
351971112,EA-M300A-CB,Earmor M300A-CB - PROTECTOR ELECTRONICO DEPORTIVO FOAM PADS 2 MICROFONOS CONTROL DE VOLUMEN NRR 22 PORTA PARCHE,Earmor,113560.92,5,,,
351971114,EA-M300A-FG,Earmor M300A-FG - PROTECTOR ELECTRONICO DEPORTIVO FOAM PADS 2 MICROFONOS CONTROL DE VOLUMEN NRR 22 PORTA PARCHE,Earmor,113560.92,5,,,
351971115,EA-M300L-BK,Earmor M300L-BK - PROTECTOR AUDITIVO PASIVO FOAM PADS NRR 27,Earmor,38713.95,5,,,
351971118,EA-M300TG01SET,Earmor M300T + G01 - SET DE PROTECTOR ELECTRONICO & ANTEOJO GEL PADS CONTROL DE VOLUMEN 2 MICROFONOS BLUETOOTH NRR 22,Earmor,188179.20,5,,,
351971121,EA-M300T-BK,Earmor M300T-BK - PROTECTOR ELECTRONICO DEPORTIVO GEL PADS 2 MICROFONOS CONTROL DE VOLUMEN BLUETOOTH NRR 22 PORTA PAR...,Earmor,150853.73,5,,,
351971124,EA-M300T-CB,Earmor M300T-CB - PROTECTOR ELECTRONICO DEPORTIVO GEL PADS 2 MICROFONOS CONTROL DE VOLUMEN BLUETOOTH NRR 22 PORTA PAR...,Earmor,150853.73,5,,,
351971127,EA-M300T-FG,Earmor M300T-FG - PROTECTOR ELECTRONICO DEPORTIVO GEL PADS 2 MICROFONOS CONTROL DE VOLUMEN BLUETOOTH NRR 22 PORTA PAR...,Earmor,150853.73,5,,,
351971129,EA-M300T-PK,Earmor M300T-PK - PROTECTOR ELECTRONICO DEPORTIVO GEL PADS 2 MICROFONOS CONTROL DE VOLUMEN BLUETOOTH NRR 22 PORTA PAR...,Earmor,150853.73,5,,,
351971130,EA-M300X-BK,"Earmor M300X-BK - PROTECTOR ELECTRONICO DEPORTIVO GEL PADS CONTROL DE VOLUMEN 4 MICROFONOS ENTRADA AUXILIAR 3,5mm NRR...",Earmor,125983.69,5,,,
351971132,EA-M300X-FG,"Earmor M300X-FG - PROTECTOR ELECTRONICO DEPORTIVO GEL PADS CONTROL DE VOLUMEN 4 MICROFONOS ENTRADA AUXILIAR 3,5mm NRR...",Earmor,125983.69,5,,,
351971134,EA-M300X-WH,"Earmor M300X-WH - PROTECTOR ELECTRONICO DEPORTIVO GEL PADS CONTROL DE VOLUMEN 4 MICROFONOS ENTRADA AUXILIAR 3,5mm NRR...",Earmor,125983.69,5,,,
351971137,EA-M300X-YE,"Earmor M300X-YE - PROTECTOR ELECTRONICO DEPORTIVO GEL PADS CONTROL DE VOLUMEN 4 MICROFONOS ENTRADA AUXILIAR 3,5mm NRR...",Earmor,125983.69,5,,,
351971140,EA-M31-BK-PLUS,Earmor M31-BK PLUS - PROTECTOR ELECTRONICO MILPRO-TACTICAL NOICE CANCELING MODOS DE SONIDO AMBIENTE GEL PADS ENTRADA ...,Earmor,175731.93,5,,,
351971143,EA-M31-CB-PLUS,Earmor M31-CB PLUS - PROTECTOR ELECTRONICO MILPRO-TACTICAL NOICE CANCELING MODOS DE SONIDO AMBIENTE GEL PADS ENTRADA ...,Earmor,175731.93,5,,,
351971145,EA-M31-FG-PLUS,Earmor M31-FG PLUS - PROTECTOR ELECTRONICO MILPRO-TACTICAL NOICE CANCELING MODOS DE SONIDO AMBIENTE GEL PADS ENTRADA ...,Earmor,175731.93,5,,,
351971146,EA-M31-SB-PLUS,Earmor M31-SB PLUS - PROTECTOR ELECTRONICO MILPRO-TACTICAL NOICE CANCELING MODOS DE SONIDO AMBIENTE GEL PADS ENTRADA ...,Earmor,175731.93,5,,,
351971148,EA-M32-BK-PLUS,Earmor M32-BK PLUS - PROTECTOR ELECTRONICO MILPRO-TACTICAL NOICE CANCELING MODOS DE SONIDO AMBIENTE GEL PADS ENTRADA ...,Earmor,250333.88,5,,,
351971150,EA-M32-CB-PLUS,Earmor M32-CB PLUS - PROTECTOR ELECTRONICO MILPRO-TACTICAL NOICE CANCELING MODOS DE SONIDO AMBIENTE GEL PADS ENTRADA ...,Earmor,250333.88,5,,,
351971152,EA-M32-FG-PLUS,Earmor M32-FG PLUS - PROTECTOR ELECTRONICO MILPRO-TACTICAL NOICE CANCELING MODOS DE SONIDO AMBIENTE GEL PADS ENTRADA ...,Earmor,250333.88,5,,,
351971154,EA-M32X-BK-PLUS,Earmor M32X-BK PLUS - PROTECTOR ELECTRONICO MILPRO-TACTICAL NOICE CANCELING MODOS DE SONIDO AMBIENTE GEL PADS ENTRADA...,Earmor,300073.95,5,,,
351971155,EA-M32X-CB-PLUS,Earmor M32X-CB PLUS - PROTECTOR ELECTRONICO MILPRO-TACTICAL NOICE CANCELING MODOS DE SONIDO AMBIENTE GEL PADS ENTRADA...,Earmor,300073.95,5,,,
351971157,EA-M51-KEN,Earmor M51-KEN - COMPATIBLE CON TODOS LOS AURICULARES MILITARES OTAN ESTÁNDAR M CON CONECTOR NEXUS TP-120,Earmor,62236.35,5,,,
351971159,EA-M52-KEN,Earmor M52-KEN - COMPATIBLE CON TODOS LOS AURICULARES MILITARES OTAN ESTÁNDAR CON CONECTOR NEXUS TP-120,Earmor,74650.95,5,,,
351971161,EA-M55-KEN,Earmor M55-KEN - COMPATIBLE CON TODOS LOS AURICULARES MILITARES OTAN ESTÁNDAR CON CONECTOR NEXUS TP-120,Earmor,74650.95,5,,,
351971162,EA-M56-KEN,Earmor M56-KEN - COMPATIBLE CON TODOS LOS AURICULARES MILITARES OTAN ESTÁNDAR CON CONECTOR NEXUS TP-120,Earmor,124472.70,5,,,
351971165,EA-S08,Earmor S08 - SOPORTE DE PROTECTOR AUDITIVO PARA CINTURON,Earmor,19928.70,5,,,
351971168,EA-S16A,Earmor S16A - ETUCHE SEMIRIGIDO ESPACIO PARA PROTECTOR AUDITIVO & PROTECTOR VISUAL BOLSILLO INTERNO PORTA OBJETOS,Earmor,49748.24,5,,,
